[{"Tag":"COLLADA","Connection":"No connection"},{"Tag":"asset","Connection":"No connection"},{"Tag":"contributor","Connection":"No connection"},{"Tag":"author","Connection":"No connection"},{"Tag":"authoring_tool","Connection":"No connection"},{"Tag":"source_data","Connection":"No connection"},{"Tag":"created","Connection":"No connection"},{"Tag":"modified","Connection":"No connection"},{"Tag":"unit","Connection":"No connection"},{"Tag":"up_axis","Connection":"No connection"},{"Tag":"library_effects","Connection":"No connection"},{"Tag":"effect","Connection":"No connection"},{"Tag":"profile_COMMON","Connection":"No connection"},{"Tag":"technique","Connection":"No connection"},{"Tag":"blinn","Connection":"No connection"},{"Tag":"emission","Connection":"No connection"},{"Tag":"color","Connection":"No connection"},{"Tag":"ambient","Connection":"No connection"},{"Tag":"color","Connection":"No connection"},{"Tag":"diffuse","Connection":"No connection"},{"Tag":"color","Connection":"No connection"},{"Tag":"specular","Connection":"No connection"},{"Tag":"color","Connection":"No connection"},{"Tag":"shininess","Connection":"No connection"},{"Tag":"float","Connection":"No connection"},{"Tag":"reflective","Connection":"No connection"},{"Tag":"color","Connection":"No connection"},{"Tag":"transparent","Connection":"No connection"},{"Tag":"color","Connection":"No connection"},{"Tag":"transparency","Connection":"No connection"},{"Tag":"float","Connection":"No connection"},{"Tag":"extra","Connection":"No connection"},{"Tag":"technique","Connection":"No connection"},{"Tag":"extended_shader","Connection":"No connection"},{"Tag":"opacity_type","Connection":"No connection"},{"Tag":"falloff_type","Connection":"No connection"},{"Tag":"falloff","Connection":"No connection"},{"Tag":"index_of_refraction","Connection":"No connection"},{"Tag":"wire_size","Connection":"No connection"},{"Tag":"wire_units","Connection":"No connection"},{"Tag":"apply_reflection_dimming","Connection":"No connection"},{"Tag":"dim_level","Connection":"No connection"},{"Tag":"reflection_level","Connection":"No connection"},{"Tag":"shader","Connection":"No connection"},{"Tag":"ambient_diffuse_texture_lock","Connection":"No connection"},{"Tag":"ambient_diffuse_lock","Connection":"No connection"},{"Tag":"diffuse_specular_lock","Connection":"No connection"},{"Tag":"use_self_illum_color","Connection":"No connection"},{"Tag":"self_illumination","Connection":"No connection"},{"Tag":"specular_level","Connection":"No connection"},{"Tag":"soften","Connection":"No connection"},{"Tag":"effect","Connection":"No connection"},{"Tag":"profile_COMMON","Connection":"No connection"},{"Tag":"technique","Connection":"No connection"},{"Tag":"blinn","Connection":"No connection"},{"Tag":"emission","Connection":"No connection"},{"Tag":"color","Connection":"No connection"},{"Tag":"ambient","Connection":"No connection"},{"Tag":"color","Connection":"No connection"},{"Tag":"diffuse","Connection":"No connection"},{"Tag":"color","Connection":"No connection"},{"Tag":"specular","Connection":"No connection"},{"Tag":"color","Connection":"No connection"},{"Tag":"shininess","Connection":"No connection"},{"Tag":"float","Connection":"No connection"},{"Tag":"reflective","Connection":"No connection"},{"Tag":"color","Connection":"No connection"},{"Tag":"transparent","Connection":"No connection"},{"Tag":"color","Connection":"No connection"},{"Tag":"transparency","Connection":"No connection"},{"Tag":"float","Connection":"No connection"},{"Tag":"extra","Connection":"No connection"},{"Tag":"technique","Connection":"No connection"},{"Tag":"extended_shader","Connection":"No connection"},{"Tag":"opacity_type","Connection":"No connection"},{"Tag":"falloff_type","Connection":"No connection"},{"Tag":"falloff","Connection":"No connection"},{"Tag":"index_of_refraction","Connection":"No connection"},{"Tag":"wire_size","Connection":"No connection"},{"Tag":"wire_units","Connection":"No connection"},{"Tag":"apply_reflection_dimming","Connection":"No connection"},{"Tag":"dim_level","Connection":"No connection"},{"Tag":"reflection_level","Connection":"No connection"},{"Tag":"shader","Connection":"No connection"},{"Tag":"ambient_diffuse_texture_lock","Connection":"No connection"},{"Tag":"ambient_diffuse_lock","Connection":"No connection"},{"Tag":"diffuse_specular_lock","Connection":"No connection"},{"Tag":"use_self_illum_color","Connection":"No connection"},{"Tag":"self_illumination","Connection":"No connection"},{"Tag":"specular_level","Connection":"No connection"},{"Tag":"soften","Connection":"No connection"},{"Tag":"effect","Connection":"No connection"},{"Tag":"profile_COMMON","Connection":"No connection"},{"Tag":"technique","Connection":"No connection"},{"Tag":"phong","Connection":"No connection"},{"Tag":"ambient","Connection":"No connection"},{"Tag":"color","Connection":"No connection"},{"Tag":"diffuse","Connection":"No connection"},{"Tag":"color","Connection":"No connection"},{"Tag":"specular","Connection":"No connection"},{"Tag":"color","Connection":"No connection"},{"Tag":"shininess","Connection":"No connection"},{"Tag":"float","Connection":"No connection"},{"Tag":"reflective","Connection":"No connection"},{"Tag":"color","Connection":"No connection"},{"Tag":"transparent","Connection":"No connection"},{"Tag":"color","Connection":"No connection"},{"Tag":"transparency","Connection":"No connection"},{"Tag":"float","Connection":"No connection"},{"Tag":"library_materials","Connection":"No connection"},{"Tag":"material","Connection":"No connection"},{"Tag":"instance_effect","Connection":"effect"},{"Tag":"material","Connection":"No connection"},{"Tag":"instance_effect","Connection":"effect"},{"Tag":"material","Connection":"No connection"},{"Tag":"instance_effect","Connection":"effect"},{"Tag":"library_geometries","Connection":"No connection"},{"Tag":"geometry","Connection":"No connection"},{"Tag":"mesh","Connection":"No connection"},{"Tag":"source","Connection":"No connection"},{"Tag":"float_array","Connection":"No connection"},{"Tag":"technique_common","Connection":"No connection"},{"Tag":"accessor","Connection":"float_array"},{"Tag":"param","Connection":"No connection"},{"Tag":"param","Connection":"No connection"},{"Tag":"param","Connection":"No connection"},{"Tag":"source","Connection":"No connection"},{"Tag":"float_array","Connection":"No connection"},{"Tag":"technique_common","Connection":"No connection"},{"Tag":"accessor","Connection":"float_array"},{"Tag":"param","Connection":"No connection"},{"Tag":"param","Connection":"No connection"},{"Tag":"param","Connection":"No connection"},{"Tag":"source","Connection":"No connection"},{"Tag":"float_array","Connection":"No connection"},{"Tag":"technique_common","Connection":"No connection"},{"Tag":"accessor","Connection":"float_array"},{"Tag":"param","Connection":"No connection"},{"Tag":"param","Connection":"No connection"},{"Tag":"param","Connection":"No connection"},{"Tag":"source","Connection":"No connection"},{"Tag":"float_array","Connection":"No connection"},{"Tag":"technique_common","Connection":"No connection"},{"Tag":"accessor","Connection":"float_array"},{"Tag":"param","Connection":"No connection"},{"Tag":"param","Connection":"No connection"},{"Tag":"param","Connection":"No connection"},{"Tag":"vertices","Connection":"No connection"},{"Tag":"input","Connection":"source"},{"Tag":"triangles","Connection":"No connection"},{"Tag":"input","Connection":"vertices"},{"Tag":"input","Connection":"source"},{"Tag":"input","Connection":"source"},{"Tag":"input","Connection":"source"},{"Tag":"p","Connection":"No connection"},{"Tag":"geometry","Connection":"No connection"},{"Tag":"mesh","Connection":"No connection"},{"Tag":"source","Connection":"No connection"},{"Tag":"float_array","Connection":"No connection"},{"Tag":"technique_common","Connection":"No connection"},{"Tag":"accessor","Connection":"float_array"},{"Tag":"param","Connection":"No connection"},{"Tag":"param","Connection":"No connection"},{"Tag":"param","Connection":"No connection"},{"Tag":"source","Connection":"No connection"},{"Tag":"float_array","Connection":"No connection"},{"Tag":"technique_common","Connection":"No connection"},{"Tag":"accessor","Connection":"float_array"},{"Tag":"param","Connection":"No connection"},{"Tag":"param","Connection":"No connection"},{"Tag":"param","Connection":"No connection"},{"Tag":"source","Connection":"No connection"},{"Tag":"float_array","Connection":"No connection"},{"Tag":"technique_common","Connection":"No connection"},{"Tag":"accessor","Connection":"float_array"},{"Tag":"param","Connection":"No connection"},{"Tag":"param","Connection":"No connection"},{"Tag":"param","Connection":"No connection"},{"Tag":"source","Connection":"No connection"},{"Tag":"float_array","Connection":"No connection"},{"Tag":"technique_common","Connection":"No connection"},{"Tag":"accessor","Connection":"float_array"},{"Tag":"param","Connection":"No connection"},{"Tag":"param","Connection":"No connection"},{"Tag":"param","Connection":"No connection"},{"Tag":"vertices","Connection":"No connection"},{"Tag":"input","Connection":"source"},{"Tag":"triangles","Connection":"No connection"},{"Tag":"input","Connection":"vertices"},{"Tag":"input","Connection":"source"},{"Tag":"input","Connection":"source"},{"Tag":"input","Connection":"source"},{"Tag":"p","Connection":"No connection"},{"Tag":"library_cameras","Connection":"No connection"},{"Tag":"camera","Connection":"No connection"},{"Tag":"optics","Connection":"No connection"},{"Tag":"technique_common","Connection":"No connection"},{"Tag":"perspective","Connection":"No connection"},{"Tag":"xfov","Connection":"No connection"},{"Tag":"znear","Connection":"No connection"},{"Tag":"zfar","Connection":"No connection"},{"Tag":"library_lights","Connection":"No connection"},{"Tag":"light","Connection":"No connection"},{"Tag":"technique_common","Connection":"No connection"},{"Tag":"ambient","Connection":"No connection"},{"Tag":"color","Connection":"No connection"},{"Tag":"library_visual_scenes","Connection":"No connection"},{"Tag":"visual_scene","Connection":"No connection"},{"Tag":"node","Connection":"No connection"},{"Tag":"instance_light","Connection":"light"},{"Tag":"node","Connection":"No connection"},{"Tag":"matrix","Connection":"No connection"},{"Tag":"instance_geometry","Connection":"geometry"},{"Tag":"bind_material","Connection":"No connection"},{"Tag":"technique_common","Connection":"No connection"},{"Tag":"instance_material","Connection":"material"},{"Tag":"extra","Connection":"No connection"},{"Tag":"technique","Connection":"No connection"},{"Tag":"cast_shadows","Connection":"No connection"},{"Tag":"receive_shadows","Connection":"No connection"},{"Tag":"primary_visibility","Connection":"No connection"},{"Tag":"secondary_visibility","Connection":"No connection"},{"Tag":"node","Connection":"No connection"},{"Tag":"matrix","Connection":"No connection"},{"Tag":"instance_geometry","Connection":"geometry"},{"Tag":"bind_material","Connection":"No connection"},{"Tag":"technique_common","Connection":"No connection"},{"Tag":"instance_material","Connection":"material"},{"Tag":"extra","Connection":"No connection"},{"Tag":"technique","Connection":"No connection"},{"Tag":"cast_shadows","Connection":"No connection"},{"Tag":"receive_shadows","Connection":"No connection"},{"Tag":"primary_visibility","Connection":"No connection"},{"Tag":"secondary_visibility","Connection":"No connection"},{"Tag":"node","Connection":"No connection"},{"Tag":"matrix","Connection":"No connection"},{"Tag":"instance_camera","Connection":"camera"},{"Tag":"extra","Connection":"No connection"},{"Tag":"technique","Connection":"No connection"},{"Tag":"cast_shadows","Connection":"No connection"},{"Tag":"receive_shadows","Connection":"No connection"},{"Tag":"primary_visibility","Connection":"No connection"},{"Tag":"secondary_visibility","Connection":"No connection"},{"Tag":"node","Connection":"No connection"},{"Tag":"matrix","Connection":"No connection"},{"Tag":"extra","Connection":"No connection"},{"Tag":"technique","Connection":"No connection"},{"Tag":"cast_shadows","Connection":"No connection"},{"Tag":"receive_shadows","Connection":"No connection"},{"Tag":"primary_visibility","Connection":"No connection"},{"Tag":"secondary_visibility","Connection":"No connection"},{"Tag":"scene","Connection":"No connection"},{"Tag":"instance_visual_scene","Connection":"visual_scene"}]